Year,Company ,Category,EBIDTA Margins (%),Revenue,Revenue Growth,Gross Profit,EBITDA,EBITDA Growth,Cash Flow from Operations,Cash Flow From Operations % of Sales,Modified Free Cash Flow,EBITDA per Employee,Debt/Equity Ratio,Number of Employees,,,,,,,,,,,,,
2023,AAPL,IT,0.331046743,394328,7.793787604,170782,"$130,541",8.573353405,122151,0.309770039,122151,0.795981707,2.3695,164000,,,,,,,,,,,,,
2022,AAPL,IT,0.328669799,365817,33.25938473,152836,120233,55.4522652,104038,0.28439903,104038,0.780733766,1.9768,154000,,,,,,,,,,,,,
2021,AAPL,IT,0.28174781,274515,5.512080377,104956,77344,1.133674177,80674,0.293878294,80674,0.52614966,1.7208,147000,,,,,,,,,,,,,
2020,AAPL,IT,0.29394559,260174,-2.041077581,98392,76477,-6.508477891,69391,0.266709971,69391,0.558226277,1.194,137000,,,,,,,,,,,,,
2019,AAPL,IT,0.307991491,265595,15.86195765,101839,81801,14.40539293,77434,0.291549163,77434,0.619704545,1.0685,132000,,,,,,,,,,,,,
2018,AAPL,IT,0.311912718,229234,6.304518199,88186,71501,1.378156503,64225,0.280172226,64225,0.581308943,0.863,123000,,,,,,,,,,,,,
2017,AAPL,IT,0.327069779,215639,-7.734206191,84263,70529,-14.4968298,66231,0.307138319,66231,0.608008621,0.6786,116000,,,,,,,,,,,,,
2016,AAPL,IT,0.352938408,233715,27.8563418,93626,82487,36.45717878,81266,0.347714096,81266,0.749881818,0.539,110000,,,,,,,,,,,,,
2015,AAPL,IT,0.330692853,182795,6.953952373,70537,60449,8.417031351,59713,0.326666484,59713,0.623185567,0.3164,97000,,,,,,,,,,,,,
2014,AAPL,IT,0.32623018,170910,9.202085516,64304,55756,-4.71991524,53666,0.314001521,53666,0.660616114,0.1373,84400,,,,,,,,,,,,,
2013,AAPL,IT,0.37389782,156508,44.58147419,68662,58518,64.35793731,50856,0.324941856,50856,0.768961892,0,76100,,,,,,,,,,,,,
2012,AAPL,IT,0.32890835,108249,65.96243772,43818,35604,83.41232227,37529,0.346691424,37529,0.562464455,0,63300,,,,,,,,,,,,,
2011,AAPL,IT,0.297615945,65225,52.02190887,25684,19412,55.61968895,18595,0.285090073,18595,0.392955466,0,49400,,,,,,,,,,,,,
2010,AAPL,IT,0.290735346,42905,,17222,12474,,10159,0.23677893,10159,0.338967391,0,36800,,,,,,,,,,,,,
,,,,,,,,,,,,,,,,,,,,,,,,,,,
2023,MSFT,IT,0.493483633,198270,17.95607063,135620,97843,19.90269846,89035,0.449059363,89035,0.442728507,0.2989,221000,,,,,,,,,,,,,
2022,MSFT,IT,0.485471896,168088,17.53172744,115856,81602,24.10006844,76740,0.456546571,76740,0.450839779,0.4095,181000,,,,,,,,,,,,,
2021,MSFT,IT,0.459776946,143015,13.64557425,96937,65755,20.3400377,60675,0.424256197,60675,0.403404908,0.5353,163000,,,,,,,,,,,,,
2020,MSFT,IT,0.434199757,125843,14.02953969,82933,54641,20.56973896,52185,0.414683375,52185,0.379451389,0.7053,144000,,,,,,,,,,,,,
2019,MSFT,IT,0.410646974,110360,14.27861366,72007,45319,19.88201995,43884,0.397644074,43884,0.345946565,0.9217,131000,,,,,,,,,,,,,
2018,MSFT,IT,0.391452921,96571,5.942690392,62310,37803,13.42034203,39507,0.409097969,39507,0.304862903,0.9827,124000,,,,,,,,,,,,,
2017,MSFT,IT,0.365644952,91154,-2.592434281,58374,33330,5.421305668,33325,0.3655901,33325,0.292368421,0.7425,114000,,,,,,,,,,,,,
2016,MSFT,IT,0.337849968,93580,7.770087409,60542,31616,-4.109672136,29668,0.317033554,29668,0.267932203,0.4407,118000,,,,,,,,,,,,,
2015,MSFT,IT,0.379705872,86833,11.54028953,59755,32971,8.034339264,32502,0.3743047,32502,0.257585938,0.2522,128000,,,,,,,,,,,,,
2014,MSFT,IT,0.392028157,77849,5.596625205,57464,30519,-1.306470912,28833,0.370370846,28833,0.258635593,0.1976,118000,,,,,,,,,,,,,
2013,MSFT,IT,0.419448476,73723,5.404400726,56193,30923,3.328098373,31626,0.42898417,31626,0.241585938,0.18,128000,,,,,,,,,,,,,
2012,MSFT,IT,0.427876986,69943,11.93745599,54366,29927,11.78887602,26994,0.385942839,26994,0.302292929,0.2088,99000,,,,,,,,,,,,,
2011,MSFT,IT,0.428445682,62484,6.925406848,50089,26771,16.77644493,24073,0.385266628,24073,0.284797872,0.1286,94000,,,,,,,,,,,,,
2010,MSFT,IT,0.392302822,58437,-72.42432107,46282,22925,-77.60880606,19037,0.325769632,19037,0.254722222,0.1453,90000,,,,,,,,,,,,,
2009,MSFT,IT,0.483137107,211915,,146052,102384,,87582,0.413288347,87582,0.463276018,0.2291,221000,,,,,,,,,,,,,
,,,,,,,,,,,,,,,,,,,,,,,,,,,
2022,GOOG,IT,0.353811758,257637,41.15007643,146698,91155,65.97476375,91652,0.355740829,91652,0.582460064,0.0589,156500,,,,,,,,,,,,,
2021,GOOG,IT,0.300892471,182527,12.77053201,97795,54921,19.36234026,65124,0.35679105,65124,0.405917177,0.0626,135301,,,,,,,,,,,,,
2020,GOOG,IT,0.284275626,161857,18.3000899,89961,46012,25.85683416,54520,0.336840544,54520,0.386983911,0.0226,118899,,,,,,,,,,,,,
2019,GOOG,IT,0.26720704,136819,23.42158676,77270,36559,10.47351404,47971,0.350616508,47971,0.370139008,0.0226,98771,,,,,,,,,,,,,
2018,GOOG,IT,0.2985251,110855,22.80109004,65272,33093,10.82719357,37091,0.33459023,37091,0.413094495,0.026,80110,,,,,,,,,,,,,
2017,GOOG,IT,0.330778093,90272,20.38032245,55134,29860,22.2618024,36036,0.399193548,36036,0.414417165,0.0283,72053,,,,,,,,,,,,,
2016,GOOG,IT,0.325687768,74989,13.61797549,46825,24423,13.72759022,26572,0.354345304,26572,0.395104669,0.0434,61814,,,,,,,,,,,,,
2015,GOOG,IT,0.325373858,66001,18.88002306,40310,21475,11.02781512,23024,0.348843199,23024,0.400652985,0.0504,53600,,,,,,,,,,,,,
2014,GOOG,IT,0.348385237,55519,20.59123786,33526,19342,15.15837104,18659,0.336083143,18659,0.405017171,0.0601,47756,,,,,,,,,,,,,
2013,GOOG,IT,0.36482113,46039,21.45891043,28863,16796,23.56359891,16619,0.360976563,16619,0.311839736,0.0772,53861,,,,,,,,,,,,,
2012,GOOG,IT,0.358607044,37905,29.27594557,24717,13593,15.41988622,14565,0.384250099,14565,0.418671266,0.0723,32467,,,,,,,,,,,,,
2011,GOOG,IT,0.401657515,29321,23.97361634,18904,11777,19.73363156,11081,0.377920262,11081,0.482663934,0.0749,24400,,,,,,,,,,,,,
2010,GOOG,IT,0.415880935,23651,-91.63791031,14807,9836,-89.16382065,9316,0.39389455,9316,0.495891102,0,19835,,,,,,,,,,,,,
2009,GOOG,IT,0.320928029,282836,,156633,90770,,91495,0.323491352,91495,0.477149195,0.0574,190234,,,,,,,,,,,,,
,,,,,,,,,,,,,,,,,,,,,,,,,,,
2022,PYPL,FinTech,0.217847148,25371,18.25766757,11921,5527,23.42563644,5797,0.22848922,5797,0.178867314,0.3705,30900,,,,,,,,,,,,,
2021,PYPL,FinTech,0.208725646,21454,20.71798334,10001,4478,23.32690719,6219,0.289876014,6219,0.168981132,0.4455,26500,,,,,,,,,,,,,
2020,PYPL,FinTech,0.204310151,17772,15.02168144,7987,3631,22.25589226,4071,0.229068197,4071,0.156508621,0.2933,23200,,,,,,,,,,,,,
2019,PYPL,FinTech,0.192220568,15451,18.00061097,7189,2970,1.296043656,5480,0.354669601,5480,0.136238532,0.1299,21800,,,,,,,,,,,,,
2018,PYPL,FinTech,0.223919352,13094,20.77107545,6399,2932,26.92640693,2531,0.193294639,2531,0.156791444,0.0625,18700,,,,,,,,,,,,,
2017,PYPL,FinTech,0.213060321,10842,17.23615917,5141,2310,11.6481392,3158,0.291274673,3158,0.127624309,0,18100,,,,,,,,,,,,,
2016,PYPL,FinTech,0.223724048,9248,15.23987539,4719,2069,15.97533632,2546,0.275302768,2546,0.123154762,0,16800,,,,,,,,,,,,,
2015,PYPL,FinTech,0.222305296,8025,-70.83727015,4218,1784,-65.38610788,2220,0.276635514,2220,0.112911392,0.1325,15800,,,,,,,,,,,,,
2014,PYPL,FinTech,0.187295588,27518,,11653,5154,,5813,0.21124355,5813,0.172374582,0.5138,29900,,,,,,,,,,,,,
,,,,,,,,,,,,,,,,,,,,,,,,,,,
2022,AIG,Bank,0.295483797,52057,19.02551674,15322,15382,125.5094561,6279,0.120617784,6279,0.420273224,0.4377,36600,,,,,,,,,,,,,
2021,AIG,Bank,0.155958478,43736,-12.08137338,6912,6821,-42.27807396,1038,0.023733309,1038,0.151577778,0.5586,45000,,,,,,,,,,,,,
2020,AIG,Bank,0.237546737,49746,4.97372808,11975,11817,71.3353632,-1807,-0.036324529,-1807,0.256891304,0.5243,46000,,,,,,,,,,,,,
2019,AIG,Bank,0.145540104,47389,-4.303311793,6921,6897,7.179487179,-394,-0.008314166,-394,0.139052419,0.6027,49600,,,,,,,,,,,,,
2018,AIG,Bank,0.129947496,49520,-5.436629939,6849,6435,33.92299688,-7818,-0.157875606,-7818,0.129216867,0.4815,49800,,,,,,,,,,,,,
2017,AIG,Bank,0.091756259,52367,-10.21825227,5236,4805,-51.74733882,3502,0.066874176,3502,0.085195035,0.4022,56400,,,,,,,,,,,,,
2016,AIG,Bank,0.170727108,58327,-9.438561625,10565,9958,-40.55635148,2877,0.049325355,2877,0.14996988,0.3242,66400,,,,,,,,,,,,,
2015,AIG,Bank,0.260099991,64406,-6.487208526,19219,16752,-1.004609384,5007,0.077741204,5007,0.257723077,0.291,65000,,,,,,,,,,,,,
2014,AIG,Bank,0.245695037,68874,-3.285870756,21915,16922,-12.44373157,5865,0.085155501,5865,0.26440625,0.4125,64000,,,,,,,,,,,,,
2013,AIG,Bank,0.271393265,71214,9.383303894,21825,19327,26.94252874,3676,0.051619064,3676,0.306777778,0.4915,63000,,,,,,,,,,,,,
2012,AIG,Bank,0.233853007,65105,-10.60566533,18692,15225,-28.06860059,-81,-0.001244144,-81,0.267105263,0.7349,57000,,,,,,,,,,,,,
2011,AIG,Bank,0.290625987,72829,-3.469985553,16787,21166,-23.76733297,16597,0.227889989,16597,0.335968254,0.7548,63000,,,,,,,,,,,,,
2010,AIG,Bank,0.36800668,75447,,18614,27765,,18584,0.246318608,18584,0.28921875,1.1552,96000,,,,,,,,,,,,,
,,,,,,,,,,,,,,,,,,,,,,,,,,,
2022,PCG,Manufacturing,0.256079837,20642,11.76566138,16261,5286,1.206203331,2262,0.109582405,2262,0.203307692,2.1152,26000,,,,,,,,,,,,,
2021,PCG,Manufacturing,0.282798202,18469,7.82299025,14571,5223,-176.1370262,-19130,-1.035789702,-19130,0.217625,1.9227,24000,,,,,,,,,,,,,
2020,PCG,Manufacturing,-0.400490396,17129,2.20776896,13300,-6860,2.941176471,4816,0.281160605,4816,-0.29826087,0,23000,,,,,,,,,,,,,
2019,PCG,Manufacturing,-0.397637091,16759,-2.194339072,12260,-6664,-215.7145338,4752,0.283549138,4752,-0.277666667,1.7046,24000,,,,,,,,,,,,,
2018,PCG,Manufacturing,0.336095711,17135,-3.005773803,12080,5759,19.1106515,5977,0.348818208,5977,0.250391304,0.9824,23000,,,,,,,,,,,,,
2017,PCG,Manufacturing,0.273689573,17666,4.948612844,12286,4835,17.35436893,4409,0.249575456,4409,0.201458333,1.0134,24000,,,,,,,,,,,,,
2016,PCG,Manufacturing,0.244757322,16833,-1.503803394,11071,4120,-15.62563998,3780,0.224558902,3780,0.179130435,1.0164,23000,,,,,,,,,,,,,
2015,PCG,Manufacturing,0.285722645,17090,9.565328888,10521,4883,27.19458192,3690,0.21591574,3690,0.216243745,0.9802,22581,,,,,,,,,,,,,
2014,PCG,Manufacturing,0.246121298,15598,3.710106383,9614,3839,-3.177805801,3427,0.219707655,3427,0.181375791,1.0127,21166,,,,,,,,,,,,,
2013,PCG,Manufacturing,0.263630319,15040,0.561647499,10017,3965,-4.61871542,4882,0.324601064,4882,0.192541155,1.0062,20593,,,,,,,,,,,,,
2012,PCG,Manufacturing,0.277948649,14956,8.055776317,9623,4157,-1.329219084,3739,0.25,3739,0.215679153,1.1241,19274,,,,,,,,,,,,,
2011,PCG,Manufacturing,0.304385521,13841,3.298753638,8652,4213,3.999012589,3206,0.231630663,3206,0.216896623,1.1613,19424,,,,,,,,,,,,,
2010,PCG,Manufacturing,0.302335995,13399,-38.19649446,8397,4051,-28.84243808,3039,0.226807971,3039,0.208545689,1.2063,19425,,,,,,,,,,,,,
2009,PCG,Manufacturing,0.262592251,21680,,16824,5693,,3721,0.171632841,3721,0.218877355,2.2563,26010,,,,,,,,,,,,,
,,,,,,,,,,,,,,,,,,,,,,,,,,,
2018,SHLDQ,Finance,-0.07272563,22138,-11.9621411,4686,-1610,182.4561404,-1381,-0.062381426,-1381,-0.0115,-1.0887,140000,,,,,,,,,,,,,
2017,SHLDQ,Finance,-0.022667621,25146,-19.3986794,5810,-570,-35.88301462,-2167,-0.086176728,-2167,-0.003202247,-1.5215,178000,,,,,,,,,,,,,
2016,SHLDQ,Finance,-0.028495416,31198,-13.78910136,7149,-889,355.8974359,-1387,-0.044457978,-1387,-0.004535714,-3.9958,196000,,,,,,,,,,,,,
2015,SHLDQ,Finance,-0.005388527,36188,-9.198574798,8755,-195,2337.5,-1109,-0.030645518,-1109,-0.000862832,1.9464,226000,,,,,,,,,,,,,
2014,SHLDQ,Finance,-0.000200733,39854,-4.12105757,10514,-8,-98.7654321,-303,-0.00760275,-303,-3.25203E-05,0.9836,246000,,,,,,,,,,,,,
2013,SHLDQ,Finance,-0.01558929,41567,-2.571254453,10601,-648,-149.6171516,-275,-0.006615825,-275,-0.002454545,0.8047,264000,,,,,,,,,,,,,
2012,SHLDQ,Finance,0.030611288,42664,-1.605166052,11664,1306,-16.33568225,123,0.002882993,123,0.004664286,0.3707,280000,,,,,,,,,,,,,
2011,SHLDQ,Finance,0.036000923,43360,-7.290998503,11986,1561,21.66796571,1507,0.034755535,1507,0.005382759,0.2655,290000,,,,,,,,,,,,,
2010,SHLDQ,Finance,0.027432115,46770,180.0263442,12652,1283,-2567.307692,992,0.021210177,992,0.004408935,0.301,291000,,,,,,,,,,,,,
2009,SHLDQ,Finance,-0.0031134,16702,,3527,-52,,-1842,-0.110286193,-1842,-0.00057842,-1.1099,89900,,,,,,,,,,,,,
,,,,,,,,,,,,,,,,,,,,,,,,,,,
2022,MCD,FOOD,0.526381287,23222.9,20.90348713,12580.2,12224.1,34.69488948,9141.5,0.393641621,9141.5,0.0611205,-7.7424,200000,,,,,,,,,,,,,
2021,MCD,FOOD,0.472485136,19207.8,-10.09436258,9752.101,9075.4,-15.08556565,6265.2,0.326179989,6265.2,0.045377,-4.7848,200000,,,,,,,,,,,,,
2020,MCD,FOOD,0.500257438,21364.4,0.50099022,11179.4,10687.7,3.717757118,8122.1,0.380169815,8122.1,0.052135122,-4.1627,205000,,,,,,,,,,,,,
2019,MCD,FOOD,0.484742143,21257.9,-6.846943962,10832.6,10304.6,-5.601817499,6966.7,0.32772287,6966.7,0.049069524,-4.9654,210000,,,,,,,,,,,,,
2018,MCD,FOOD,0.47834832,22820.4,-7.316657122,10620.8,10916.1,17.87169466,5551.2,0.243256034,5551.2,0.046451489,-9.0381,235000,,,,,,,,,,,,,
2017,MCD,FOOD,0.37612865,24621.9,-3.112973675,10204.7,9261.002,6.433618351,6059.6,0.246106109,6059.6,0.024696005,-11.775,375000,,,,,,,,,,,,,
2016,MCD,FOOD,0.342391689,25413,-7.391413672,9789.2,8701.2,-9.302989534,6539.1,0.257313186,6539.1,0.020717143,3.4033,420000,,,,,,,,,,,,,
2015,MCD,FOOD,0.349608109,27441.3,-2.363933295,10455.7,9593.701,-7.30186291,6730.3,0.245261704,6730.3,0.022842145,1.162,420000,,,,,,,,,,,,,
2014,MCD,FOOD,0.368231355,28105.7,1.954148076,10902.7,10349.4,2.539358572,7120.7,0.253354302,7120.7,0.023521364,0.8826,440000,,,,,,,,,,,,,
2013,MCD,FOOD,0.366129793,27567,2.077316152,10816.3,10093.1,1.492241949,6966.1,0.252697065,6966.1,0.022938864,0.8914,440000,,,,,,,,,,,,,
2012,MCD,FOOD,0.368240428,27006,12.17631861,10686.6,9944.701,13.66281874,7150.1,0.264759683,7150.1,0.02367786,0.8687,420000,,,,,,,,,,,,,
2011,MCD,FOOD,0.363424522,24074.6,5.847076462,9637.3,8749.3,8.589832696,6341.6,0.263414553,6341.6,0.02187325,0.7862,400000,,,,,,,,,,,,,
2010,MCD,FOOD,0.354245165,22744.7,-1.888916688,8791.8,8057.2,-28.32692855,5751,0.252850115,5751,0.020927792,0.7538,385000,,,,,,,,,,,,,
2009,MCD,FOOD,0.484915411,23182.6,,13207.2,11241.6,,7386.7,0.318631215,7386.7,0.074944,-5.9805,150000,,,,,,,,,,,,,
,,,,,,,,,,,,,,,,,,,,,,,,,,,
2022,BCS,BANK,3.31458E-05,30169.69,7.951147042,30169.69,1,0,67268.52,2.229672231,67268.52,1.22549E-05,6.3396,81600,,,,,,,,,,,,,
2021,BCS,BANK,3.57813E-05,27947.54,1.178919625,27947.54,1,0,73836.42,2.64196491,73836.42,1.20482E-05,6.0327,83000,,,,,,,,,,,,,
2020,BCS,BANK,3.62032E-05,27621.9,-2.092808357,27621.9,1,0,-15699.49,-0.568371111,-15699.49,1.23762E-05,5.3348,80800,,,,,,,,,,,,,
2019,BCS,BANK,3.54455E-05,28212.33,3.864041748,28212.33,1,0,11351.14,0.402346775,11351.14,1.1976E-05,5.8975,83500,,,,,,,,,,,,,
2018,BCS,BANK,3.68151E-05,27162.75,-6.56905107,27162.75,1,0,78244.34,2.880575052,78244.34,1.25156E-05,5.2797,79900,,,,,,,,,,,,,
2017,BCS,BANK,3.43967E-05,29072.54,-25.30018633,29072.54,1,0,15295.92,0.526129468,15295.92,8.38223E-06,3.5002,119300,,,,,,,,,,,,,
2016,BCS,BANK,2.56943E-05,38919.16,-6.617511034,38919.16,1,0,24659.71,0.633613624,24659.71,7.72798E-06,3.6646,129400,,,,,,,,,,,,,
2015,BCS,BANK,2.3994E-05,41677.15,-4.656634035,41677.15,1,0,-17207.81,-0.412883558,-17207.81,7.55858E-06,5.0612,132300,,,,,,,,,,,,,
2014,BCS,BANK,2.28767E-05,43712.69,-5.046848058,43712.69,1,0,-39392.27,-0.901163255,-39392.27,7.16332E-06,6.6208,139600,,,,,,,,,,,,,
2013,BCS,BANK,2.17221E-05,46036.06,-5.792805834,46036.06,1,0,-21741.23,-0.47226522,-21741.23,7.18391E-06,7.688,139200,,,,,,,,,,,,,
2012,BCS,BANK,2.04638E-05,48866.82,-0.332958937,48866.82,1,0,46654.34,0.954724289,46654.34,7.08717E-06,7.6045,141100,,,,,,,,,,,,,
2011,BCS,BANK,2.03956E-05,49030.07,6.605556092,49030.07,1,0,28894.16,0.589315088,28894.16,6.77966E-06,9.3328,147500,,,,,,,,,,,,,
2010,BCS,BANK,2.17429E-05,45992.04,48.99546716,45992.04,1,0,65523.51,1.42467066,65523.51,6.93481E-06,8.5152,144200,,,,,,,,,,,,,
2009,BCS,BANK,3.23959E-05,30868.08,,30868.08,1,,37392.72,1.211371747,37392.72,1.14416E-05,7.1602,87400,,,,,,,,,,,,,
,,,,,,,,,,,,,,,,,,,,,,,,,,,
2023,NVDA,ELEC,0.416697629,26914,61.40329835,17475,11215,99.20071048,9108,0.338411236,9108,0.499043296,0.4113,22473,,,,,,,,,,,,,
2022,NVDA,ELEC,0.337631184,16675,52.72943763,10396,5630,74.46544778,5822,0.349145427,5822,0.296706192,0.4122,18975,,,,,,,,,,,,,
2021,NVDA,ELEC,0.295566954,10918,-6.811198361,6768,3227,-20.63453025,4761,0.436068877,4761,0.234264973,0.1631,13775,,,,,,,,,,,,,
2020,NVDA,ELEC,0.347046774,11716,20.60942969,7171,4066,19.27251393,3743,0.319477637,3743,0.30624388,0.2128,13277,,,,,,,,,,,,,
2019,NVDA,ELEC,0.350936792,9714,40.5788712,5822,3409,60.72607261,3502,0.360510603,3502,0.295714781,0.2677,11528,,,,,,,,,,,,,
2018,NVDA,ELEC,0.306946454,6910,37.9241517,4063,2121,117.9856115,1672,0.241968162,1672,0.205942324,0.4877,10299,,,,,,,,,,,,,
2017,NVDA,ELEC,0.194211577,5010,7.005553182,2811,973,-3.376365442,1175,0.234530938,1175,0.105451393,0.3379,9227,,,,,,,,,,,,,
2016,NVDA,ELEC,0.215079026,4682,13.36561743,2599,1007,36.08108108,906,0.193507048,906,0.109124404,0.3164,9228,,,,,,,,,,,,,
2015,NVDA,ELEC,0.179176755,4130,-3.50825752,2268,740,-15.37772069,835,0.202179177,835,0.084014532,0.3083,8808,,,,,,,,,,,,,
2014,NVDA,ELEC,0.204308812,4280.159,7.059378228,2226.343,874.4742,2.577161533,824.172,0.192556398,824.172,0.109665688,0.0039,7974,,,,,,,,,,,,,
2013,NVDA,ELEC,0.2132363,3997.93,12.83040796,2056.517,852.5038,92.55348728,909.156,0.227406683,909.156,0.119515463,0.0052,7133,,,,,,,,,,,,,
2012,NVDA,ELEC,0.124949899,3543.309,6.519392324,1409.09,442.7361,353.071105,675.797,0.190724828,675.797,0.073434417,0.0074,6029,,,,,,,,,,,,,
2011,NVDA,ELEC,0.029376376,3326.445,-2.873519757,1176.923,97.7189,-14.52369956,487.807,0.146645142,487.807,0.01712564,0.0092,5706,,,,,,,,,,,,,
2010,NVDA,ELEC,0.033380294,3424.859,-87.3031104,1174.269,114.3228,-98.01798197,249.36,0.072808837,249.36,0.021092768,0.0107,5420,,,,,,,,,,,,,
2009,NVDA,ELEC,0.213835545,26974,,15356,5768,,5641,0.209127308,5641,0.220186288,0.4956,26196,,,,,,,,,,,,,
,,,,,,,,,,,,,,,,,,,,,,,,,,,
2022,INTC,ELEC,0.395424175,79024,1.485866927,43815,31248,-12.99941532,29456,0.37274752,29456,0.258034682,0.3994,121100,,,,,,,,,,,,,
2021,INTC,ELEC,0.461260868,77867,8.201208921,43612,35917,9.299777852,35864,0.46058022,35864,0.324746835,0.4492,110600,,,,,,,,,,,,,
2020,INTC,ELEC,0.456624748,71965,1.576614724,42140,32861,1.419709268,33145,0.460571111,33145,0.296579422,0.3742,110800,,,,,,,,,,,,,
2019,INTC,ELEC,0.457331188,70848,12.88539061,43737,32401,23.7671416,29432,0.415424571,29432,0.301685289,0.3535,107400,,,,,,,,,,,,,
2018,INTC,ELEC,0.417122098,62761,5.681378079,39098,26179,25.12068059,22110,0.352288842,22110,0.254907498,0.3885,102700,,,,,,,,,,,,,
2017,INTC,ELEC,0.352316163,59387,7.28389486,36233,20923,-7.880949236,21808,0.367218415,21808,0.197386792,0.3818,106000,,,,,,,,,,,,,
2016,INTC,ELEC,0.410315238,55355,-0.92178271,34679,22713,-4.950619351,19018,0.343564267,19018,0.21167754,0.3711,107300,,,,,,,,,,,,,
2015,INTC,ELEC,0.427707177,55870,5.999089322,35609,23896,17.58106579,20418,0.365455522,20418,0.223955014,0.2444,106700,,,,,,,,,,,,,
2014,INTC,ELEC,0.385577142,52708,-1.186704411,31521,20323,-8.289711191,20776,0.394171663,20776,0.188875465,0.2308,107600,,,,,,,,,,,,,
2013,INTC,ELEC,0.41544028,53341,-1.218541084,33151,22160,-5.866360817,18884,0.354024109,18884,0.211047619,0.2626,105000,,,,,,,,,,,,,
2012,INTC,ELEC,0.435952518,53999,23.78561768,33757,23541,16.38979531,20963,0.388210893,20963,0.235174825,0.1597,100100,,,,,,,,,,,,,
2011,INTC,ELEC,0.463654494,43623,24.18652319,28491,20226,87.9215832,16692,0.382642184,16692,0.245163636,0.0428,82500,,,,,,,,,,,,,
2010,INTC,ELEC,0.306402482,35127,-44.29060805,19561,10763,-29.96941896,11170,0.317989011,11170,0.134874687,0.0533,79800,,,,,,,,,,,,,
2009,INTC,ELEC,0.243743458,63054,,26866,15369,,15433,0.244758461,15433,0.116520091,0.4071,131900,,,,,,,,,,,,,
,,,,,,,,,,,,,,,,,,,,,,,,,,,
2022,AMZN,LOGI,0.126243556,469822,21.69536657,197478,59312,23.36363069,46327,0.098605429,46327,0.036885572,0.3526,1608000,,,,,,,,,,,,,
2021,AMZN,LOGI,0.124536346,386064,37.6234306,152757,48079,32.33966419,66064,0.171121887,66064,0.037040832,0.3406,1298000,,,,,,,,,,,,,
2020,AMZN,LOGI,0.129508559,280522,20.45412582,114986,36330,30.8623298,38514,0.137294045,38514,0.045526316,0.3773,798000,,,,,,,,,,,,,
2019,AMZN,LOGI,0.119208028,232887,30.93396152,93731,27762,78.14425051,30723,0.131922349,30723,0.042875676,0.5395,647500,,,,,,,,,,,,,
2018,AMZN,LOGI,0.08761652,177866,30.79632612,65932,15584,26.67858885,18365,0.103251886,18365,0.027533569,0.893,566000,,,,,,,,,,,,,
2017,AMZN,LOGI,0.09046453,135987,27.08352803,47722,12302,44.49142589,17203,0.126504739,17203,0.036033978,0.399,341400,,,,,,,,,,,,,
2016,AMZN,LOGI,0.079565632,107006,20.24767384,35355,8514,72.90820471,12039,0.11250771,12039,0.036889081,0.6147,230800,,,,,,,,,,,,,
2015,AMZN,LOGI,0.055333303,88988,19.52398861,26236,4924,23.16158079,6842,0.076886771,6842,0.031953277,0.7695,154100,,,,,,,,,,,,,
2014,AMZN,LOGI,0.053699028,74452,21.8666623,20271,3998,41.02292769,5475,0.073537313,5475,0.034083546,0.3274,117300,,,,,,,,,,,,,
2013,AMZN,LOGI,0.046404662,61093,27.07323668,15122,2835,45.75835476,4180,0.068420277,4180,0.032070136,0.3765,88400,,,,,,,,,,,,,
2012,AMZN,LOGI,0.040455935,48077,40.55958367,10789,1945,-1.469098278,3903,0.08118227,3903,0.034608541,0.0329,56200,,,,,,,,,,,,,
2011,AMZN,LOGI,0.057712548,34204,39.55689747,7643,1974,30.98871931,3495,0.102181031,3495,0.058575668,0.2274,33700,,,,,,,,,,,,,
2010,AMZN,LOGI,0.061487617,24509,-95.23155435,5531,1507,-97.217966,3293,0.134358807,3293,0.062016461,0.2007,24300,,,,,,,,,,,,,
2009,AMZN,LOGI,0.105390645,513983,,225152,54169,,46752,0.090960207,46752,0.035151849,0.4598,1541000,,,,,,,,,,,,,
2023,,,,,,,,,,,,,,,,,,,,,,,,,,,
2022,,,,,,,,,,,,,,,,,,,,,,,,,,,
2021,,,,,,,,,,,,,,,,,,,,,,,,,,,
2020,,,,,,,,,,,,,,,,,,,,,,,,,,,
2019,,,,,,,,,,,,,,,,,,,,,,,,,,,
2018,,,,,,,,,,,,,,,,,,,,,,,,,,,
2017,,,,,,,,,,,,,,,,,,,,,,,,,,,
2016,,,,,,,,,,,,,,,,,,,,,,,,,,,
2015,,,,,,,,,,,,,,,,,,,,,,,,,,,
2014,,,,,,,,,,,,,,,,,,,,,,,,,,,
2013,,,,,,,,,,,,,,,,,,,,,,,,,,,
2012,,,,,,,,,,,,,,,,,,,,,,,,,,,
2011,,,,,,,,,,,,,,,,,,,,,,,,,,,
2010,,,,,,,,,,,,,,,,,,,,,,,,,,,
2009,,,,,,,,,,,,,,,,,,,,,,,,,,,
2023,,,,,,,,,,,,,,,,,,,,,,,,,,,
2022,,,,,,,,,,,,,,,,,,,,,,,,,,,
2021,,,,,,,,,,,,,,,,,,,,,,,,,,,
2020,,,,,,,,,,,,,,,,,,,,,,,,,,,
2019,,,,,,,,,,,,,,,,,,,,,,,,,,,
2018,,,,,,,,,,,,,,,,,,,,,,,,,,,
2017,,,,,,,,,,,,,,,,,,,,,,,,,,,
2016,,,,,,,,,,,,,,,,,,,,,,,,,,,
2015,,,,,,,,,,,,,,,,,,,,,,,,,,,
2014,,,,,,,,,,,,,,,,,,,,,,,,,,,
2013,,,,,,,,,,,,,,,,,,,,,,,,,,,
2012,,,,,,,,,,,,,,,,,,,,,,,,,,,
2011,,,,,,,,,,,,,,,,,,,,,,,,,,,
2010,,,,,,,,,,,,,,,,,,,,,,,,,,,
2009,,,,,,,,,,,,,,,,,,,,,,,,,,,
